番号,65
名前,時国そら
呼び名,そら
基礎,0,1300
基礎,1,1200
素質,0
素質,14
素質,22
素質,91
素質,104
素質,116
素質,151
素質,222
能力,50,31
能力,54,27
能力,55,56
能力,56,78
能力,97,33
能力,98,61
経験,95,98
フラグ,12,-5
フラグ,25,3
CSTR,21,12月31日
CSTR,22,160cm/46kg
CSTR,23,B83/W62/H84
CSTR,24,AB型
CSTR,25,オカルト研究部
CSTR,26,
CSTR,27,宇宙との交信
CSTR,29,オカルト研究部所属。人並み外れた聴力の持ち主で、学院中の出来事を耳だけで把握してしまう。ただし聞こえすぎるあまり、人混みの中にはいられない。普段は「宇宙との交信」と称し、双子の部員と儀式をしたり募金を募ったりしている、不思議な雰囲気の少女。
フラグ,69,1023
CSTR,80,オカルト研究部の部室
CSTR,81,屋上の交信スポット
CSTR,82,夜の旧校舎
CSTR,83,儀式の暗い部屋
CSTR,84,星空の下の秘密の場所
CSTR,85,屋上で宇宙と交信
CSTR,86,心臓の音を聴き合う
CSTR,87,おまじない作りデート
CSTR,88,星空観察デート
CSTR,89,静かな場所でのんびり
