番号,45
名前,円城寺れいか
呼び名,れいか
基礎,0,2500
基礎,1,2500
素質,0
素質,15
素質,20
素質,87
素質,91
素質,101
素質,103
素質,126
素質,151
素質,110
能力,94,1
能力,9,2
能力,15,2
能力,50,70
能力,54,80
能力,55,90
能力,56,82
能力,97,85
能力,98,85
経験,95,116
フラグ,12,20
フラグ,25,3
CSTR,21,4月27日
CSTR,22,163cm/47kg
CSTR,23,B90/W60/H89
CSTR,24,B型
CSTR,25,茶道部
CSTR,26,
CSTR,27,紅茶
CSTR,29,茶道部部長にして前生徒会長。文武に秀でた円城寺財閥の令嬢で、在任中の功績から今なお絶大な人気と信頼を集めている。会長の座を退いてからは、後任の鶴海ひまりをそっと見守る立場に。幼馴染みの四方みつるとは気心の知れた仲。兄が不在だと途端に機嫌が悪くなる。
フラグ,69,1023
CSTR,80,兄不在の夜のお誘い
CSTR,81,天蓋ベッドで添い寝
CSTR,82,お姫さま邸の薔薇風呂
CSTR,83,天蓋ベッドで甘える夜
CSTR,84,朝まで腕の中
CSTR,85,パーク貸し切りデート
CSTR,86,閉園後の観覧車
CSTR,87,メリーゴーランド二人占め
CSTR,88,貸切パレード
CSTR,89,二人だけの花火
