番号,27
名前,夏野ゆり
呼び名,ゆり
基礎,0,1300
基礎,1,1300
素質,0
素質,20
素質,32
素質,43
素質,81
素質,82
素質,87
素質,151
素質,62
能力,94,2
能力,9,3
能力,15,1
能力,50,54
能力,54,36
能力,55,62
能力,56,57
能力,97,37
能力,98,56
経験,95,108
フラグ,12,20
フラグ,25,2
相性,25,200
CSTR,21,8月19日
CSTR,22,157cm/47kg
CSTR,23,B80/W60/H82
CSTR,24,AB型
CSTR,25,吹奏楽部
CSTR,26,美化委員会
CSTR,27,動物のグッズ収集
CSTR,29,吹奏楽部の部長を務める二年生。寡黙で真面目、責任感が強く、後輩の早川きこや三善かなえを厳しく鍛えている。男性が少し苦手。八朔つゆりとは仲が良いが、二人でいるとつい妄想がふくらみすぎて暴走してしまうという、意外な一面も持っている。
フラグ,69,1023
CSTR,80,音楽室
CSTR,81,楽器庫
CSTR,82,掃除用具室
CSTR,83,早朝の教室
CSTR,84,屋上
CSTR,85,クレーンゲーム
CSTR,86,動物カフェ
CSTR,87,グッズ屋めぐり
CSTR,88,帰り道
CSTR,89,花火の帰り
