番号,5
名前,桃智あすか
呼び名,あすか
基礎,0,1800
基礎,1,800
素質,0
素質,28
素質,33
素質,42
素質,102
素質,104
素質,111
素質,151
能力,50,10
能力,54,74
能力,55,58
能力,56,38
能力,97,52
能力,98,43
経験,95,66
フラグ,12,5
フラグ,25,1
フラグ,69,1023
CSTR,21,5月17日
CSTR,22,158cm/48kg
CSTR,23,B80/W59/H81
CSTR,24,A型
CSTR,25,バスケットボール部
CSTR,26,風紀委員会
CSTR,27,華道
CSTR,29,バスケットボール部と風紀委員会に所属。三度の飯よりバスケが好きで、いつもボールを抱えて歩いている。部活には真剣だが風紀の仕事は大雑把で、委員長の瀬川かえでに目をつけられいじられがち。憧れの小松ぼたんを「こまっち先輩」と呼び、子犬のように慕っている。
CSTR,80,更衣室で
CSTR,81,汗だくの体育館
CSTR,82,見回りサボり
CSTR,83,静かな稽古場
CSTR,84,1on1の罰ゲーム
CSTR,85,夏祭りデート
CSTR,86,バスケ特訓
CSTR,87,試合の応援
CSTR,88,一緒に華道
CSTR,89,手作りカレー
