番号,21
名前,雉子すみれ
呼び名,すみれ
基礎,0,1400
基礎,1,1000
素質,0
素質,13
素質,15
素質,23
素質,30
素質,43
素質,151
素質,109
能力,50,41
能力,54,33
能力,55,65
能力,56,72
能力,97,36
能力,98,58
経験,95,108
フラグ,12,10
フラグ,25,3
CSTR,21,6月30日
CSTR,22,158cm/44kg
CSTR,23,B77/W58/H80
CSTR,24,B型
CSTR,25,美術部
CSTR,26,
CSTR,27,無趣味
CSTR,29,美術部所属。物静かで生真面目、誰に対しても敬語で話す。医者の家系に育ち、自分も将来は当然医者になるものと考えてきた。三波なつみや冴木ももを尊敬する中で、決められた道の外にある芸術の楽しさとやりがいに、少しずつ目を開かれつつある。
フラグ,69,1023
CSTR,80,美術室
CSTR,81,美術準備室
CSTR,82,石膏像倉庫
CSTR,83,放課後アトリエ
CSTR,84,保健室
CSTR,85,花鳥園
CSTR,86,夜祭の屋台
CSTR,87,公園で写生
CSTR,88,雉子医院
CSTR,89,美術館
