番号,71
名前,棗ひびき
呼び名,ひびき
基礎,0,2200
基礎,1,900
素質,0
素質,31
素質,33
素質,36
素質,42
素質,60
素質,151
能力,7,1
能力,9,1
能力,50,34
能力,54,90
能力,55,37
能力,56,31
能力,97,41
能力,98,40
経験,95,74
フラグ,12,5
フラグ,25,1
CSTR,21,7月21日
CSTR,22,168cm/53kg
CSTR,23,B85/W63/H87
CSTR,24,O型
CSTR,25,水泳部
CSTR,26,
CSTR,27,水族館巡り
CSTR,29,水泳部の副部長。気さくでのんびりした性格。実力は全国大会レベルだが、速さそのものを求めていないため、本気を出す機会はめったにない。後輩の鯱いかりが四六時中闘志を燃やして勝負を挑んでくるので、なだめるのに少々疲れてしまうこともある、おおらかな実力者。
フラグ,69,1023
CSTR,80,夜のプール貸切
CSTR,81,プールの更衣室
CSTR,82,水泳部の部室
CSTR,83,プールの水のなか
CSTR,84,受験勉強の合間の自室
CSTR,85,水族館デート
CSTR,86,本屋デート
CSTR,87,夜のプールで一緒に泳ぐ
CSTR,88,食堂で人生相談
CSTR,89,一緒に受験勉強
