番号,64
名前,峰山しおん
呼び名,しおん
基礎,0,1100
基礎,1,1400
素質,0
素質,15
素質,20
素質,23
素質,87
素質,110
素質,151
素質,596
能力,9,1
能力,50,30
能力,54,15
能力,55,80
能力,56,95
能力,97,54
能力,98,100
経験,95,156
フラグ,12,-15
フラグ,25,0
CSTR,21,6月15日
CSTR,22,153cm/47kg
CSTR,23,B84/W56/H82
CSTR,24,O型
CSTR,25,帰宅部
CSTR,26,図書委員会
CSTR,27,読書
CSTR,29,図書委員長。片時も本を手放さない無類の活字中毒者で、日がな一日図書室にこもって読書にふけっている。あらゆるジャンルを読むため、知識と雑学に滅法強い。とりわけミステリーを好む。物静かで落ち着いた佇まいの、博識な「本の虫」だ。
フラグ,69,1023
CSTR,80,図書室の書架の陰
CSTR,81,図書準備室
CSTR,82,放課後の閲覧室
CSTR,83,古書庫の奥
CSTR,84,屋上の読書スポット
CSTR,85,図書室で読み聞かせ
CSTR,86,ミステリー談義デート
CSTR,87,古書店巡りデート
CSTR,88,文学散歩
CSTR,89,屋上で並んで読書
