”Τ†,23
–Ό‘O,ις–Ψ‚±‚Ν‚ι
Δ‚Ρ–Ό,‚±‚Ν‚ι
ξ‘b,0,2800
ξ‘b,1,700
‘fΏ,0
‘fΏ,13
‘fΏ,17
‘fΏ,25
‘fΏ,31
‘fΏ,33
‘fΏ,36
‘fΏ,42
‘fΏ,50
‘fΏ,60
‘fΏ,61
‘fΏ,64
‘fΏ,70
‘fΏ,103
‘fΏ,108
‘fΏ,111
‘fΏ,151
‘fΏ,220
”\—Ν,90,2
”\—Ν,7,1
”\—Ν,8,1
”\—Ν,9,2
”\—Ν,50,34
”\—Ν,54,76
”\—Ν,55,29
”\—Ν,56,24
”\—Ν,97,41
”\—Ν,98,21
o±,95,66
ƒtƒ‰ƒO,12,0
ƒtƒ‰ƒO,25,3
CSTR,21,930“ϊ
CSTR,22,153cm/45kg
CSTR,23,B83/W55/H82
CSTR,24,B^
CSTR,25,—Ώ—¤‹†•”
CSTR,26,•—‹IΟυ‰ο
CSTR,27,λ‚θE‚½‚«‰Ξ
CSTR,29,λ‚θ‚ª‘εD‚«‚Θ—Ώ—¤‹†•”‚Μ–μ¶™B•”’·‚Μ‚©‚·‚έ‚Ζ‚Ν‹’m‚Μ’‡‚ΕAut‰Ίv‚ΖΔ‚ρ‚Ε‚Θ‚Β‚Ά‚Δ‚Ά‚ιBƒ‚Θ«i‚ΕA•—‹IΟυ‚Ζ‚µ‚Δ‚ΰ‚ά‚¶‚ί‚Ι“®‚µ‚Δ‚Ά‚ιB
‘fΏ,115
‘fΏ,110
