番号,6
名前,藍乃あいか
呼び名,あいか
基礎,0,1300
基礎,1,1000
素質,0
素質,10
素質,11
素質,18
素質,26
素質,30
素質,35
素質,40
素質,62
素質,71
素質,102
素質,104
素質,106
素質,151
素質,221
素質,112
素質,109
能力,8,1
能力,50,30
能力,54,20
能力,55,72
能力,56,48
能力,97,63
能力,98,52
経験,95,118
フラグ,12,-20
フラグ,25,3
フラグ,69,1023
CSTR,21,5月30日
CSTR,22,148cm/39kg
CSTR,23,B72/W54/H76
CSTR,24,AB型
CSTR,25,文芸部
CSTR,26,
CSTR,27,読書／猫と遊ぶ
CSTR,29,文芸部に所属し、読むのも書くのも大好きな物静かな少女。とりわけ恋物語を綴るのが得意で、八雲ちづるからは劇の脚本を頼まれている。体が弱く夏でもカーディガンを手放さない。寂しがり屋なのに恥ずかしがり屋で、本当はかまってほしいのに素直な態度がとれない。
CSTR,80,本の森の二人
CSTR,81,書架の陰で
CSTR,82,カーディガンの中
CSTR,83,小説の取材
CSTR,84,校舎裏の秘密
CSTR,85,二人で読書
CSTR,86,野良猫に会いに
CSTR,87,きみの物語
CSTR,88,一緒に劇作り
CSTR,89,クリスマスの夜
