番号,61
名前,鶴海ひまり
呼び名,ひまり
基礎,0,1400
基礎,1,1200
素質,0
素質,10
素質,12
素質,13
素質,25
素質,28
素質,102
素質,126
素質,151
能力,9,2
能力,50,31
能力,54,33
能力,55,81
能力,56,27
能力,97,46
能力,98,23
経験,95,76
フラグ,12,-5
フラグ,25,3
CSTR,21,1月24日
CSTR,22,148cm/36kg
CSTR,23,B75/W55/H76
CSTR,24,O型
CSTR,25,文芸部
CSTR,26,
CSTR,27,遊園地巡り
CSTR,29,現生徒会長で文芸部部長。全校生徒の顔と名前をすべて記憶しており、みんなが楽しい学校生活を送れるよう次々と行事を企画している。勉強は苦手だが、その人望と行動力で生徒会メンバーから厚い信頼を寄せられている。人に渾名をつけるのが趣味の、騒がしい人気者。
フラグ,69,1023
CSTR,80,文芸部室で
CSTR,81,おんぶの戯れ
CSTR,82,生徒会室の秘め事
CSTR,83,カラオケの個室
CSTR,84,文化祭準備の夜更かし
CSTR,85,遊園地ガイド任命
CSTR,86,観覧車デート
CSTR,87,カラオケでアニメ主題歌
CSTR,88,きみだけの渾名
CSTR,89,せえとかいちょおの弱音
