番号,8
名前,丸子みさき
呼び名,みさき
基礎,0,1600
基礎,1,1100
素質,0
素質,12
素質,28
素質,42
素質,102
素質,104
素質,109
素質,151
能力,50,37
能力,54,48
能力,55,82
能力,56,57
能力,97,58
能力,98,52
経験,95,98
フラグ,12,5
フラグ,25,3
CSTR,21,7月3日
CSTR,22,152cm/46kg
CSTR,23,B73/W59/H77
CSTR,24,O型
CSTR,25,放送部
CSTR,26,選挙管理委員会
CSTR,27,音楽鑑賞
CSTR,29,昼休みではラジオ放送のDJを担当。生徒会や行事の手伝いとして駆り出されるため、忙しくしている。かいりとは幼馴染みで、「マルちゃん」と呼ばれている。休日はかいりと一緒に出かけることも多い。
フラグ,69,1023
CSTR,80,放送室の秘め事
CSTR,81,放送機材庫
CSTR,82,選挙管理委員会の準備室
CSTR,83,みさきの部屋
CSTR,84,放課後の屋上
CSTR,85,スケートデート
CSTR,86,二人だけの深夜放送
CSTR,87,レコード屋めぐり
CSTR,88,お嬢のステージ応援
CSTR,89,文化祭の実況デート
