番号,57
名前,岩戸サン
呼び名,サン
基礎,0,3400
基礎,1,1400
素質,0
素質,14
素質,20
素質,22
素質,41
素質,43
素質,103
素質,105
素質,107
素質,111
素質,115
素質,151
素質,110
能力,50,42
能力,54,97
能力,55,26
能力,56,28
能力,97,31
能力,98,24
経験,95,88
フラグ,12,20
フラグ,25,1
CSTR,21,1月3日
CSTR,22,160cm/49kg
CSTR,23,B86/W63/H86
CSTR,24,AB型
CSTR,25,陸上部
CSTR,26,
CSTR,27,瞑想
CSTR,29,陸上部の部長。部内で最も足が速く、いつも岩のようにどっしりと構えた冷静沈着な人物。四方みつるを「みぃくん」、榊むつみを「むぅちゃん」と呼ぶ。多くを語らず、瞑想を好む静かな佇まいだが、その走りには誰もが目を奪われる、頼れる大黒柱のような部長だ。
フラグ,69,1023
CSTR,80,閉店後のカレー屋
CSTR,81,夜のグラウンド
CSTR,82,陸上部のシャワー室
CSTR,83,屋上の瞑想スポット
CSTR,84,宝石鑑定の作業部屋
CSTR,85,夜のグラウンドで瞑想
CSTR,86,朝の陸上トラック
CSTR,87,実家のカレーをごちそう
CSTR,88,宝石を見せてもらうデート
CSTR,89,猫とのんびり過ごす
