番号,50
名前,山條ぎん
呼び名,ぎん
基礎,0,3500
基礎,1,1200
素質,0
素質,13
素質,25
素質,28
素質,31
素質,33
素質,36
素質,42
素質,60
素質,61
素質,70
素質,72
素質,103
素質,105
素質,108
素質,110
素質,111
素質,151
素質,220
能力,7,1
能力,8,2
能力,9,2
能力,15,1
能力,50,38
能力,54,100
能力,55,56
能力,56,38
能力,97,59
能力,98,25
経験,95,64
フラグ,12,-10
フラグ,25,1
CSTR,21,11月4日
CSTR,22,167cm/53kg
CSTR,23,B87/W62/H84
CSTR,24,AB型
CSTR,25,剣道部
CSTR,26,
CSTR,27,散歩
CSTR,29,剣道部の部長。長らく学院を離れ武者修行に明け暮れていたが、放浪から戻ってからは後輩たちを楽しく、時に厳しく指導している。自分を追い込むことを好む求道者で、武術に才のある生徒を見つけると、つい手合わせを申し込みたくなってしまう。神出鬼没な剣の達人。
素質,41
フラグ,69,1023
CSTR,80,屋上の根城
CSTR,81,部室のシャワー室
CSTR,82,月明かりの夜の道場
CSTR,83,果樹園の作業小屋
CSTR,84,稽古後の剣道場
CSTR,85,縁日の力試し
CSTR,86,剣道の手ほどき
CSTR,87,果樹園デート
CSTR,88,山歩きの武者修行
CSTR,89,屋上でのんびり昼寝
