番号,24
名前,三波なつみ
呼び名,なつみ
基礎,0,1700
基礎,1,1000
素質,0
素質,13
素質,23
素質,35
素質,42
素質,63
素質,102
素質,151
素質,53
素質,110
能力,90,3
能力,50,65
能力,54,37
能力,55,76
能力,56,51
能力,97,47
能力,98,55
経験,95,84
フラグ,12,-5
フラグ,25,3
CSTR,21,8月20日
CSTR,22,163cm/48kg
CSTR,23,B89/W60/H88
CSTR,24,A型
CSTR,25,美術部
CSTR,26,
CSTR,27,料理
CSTR,29,転校生の近所に住む幼馴染みで、何かと世話を焼きたがる面倒見の良さが身上。頼まれてもいないのにお弁当やお菓子を作っては振る舞う。手先が器用で、美術部では絵のほか演劇部の衣装制作も手がける。ただし、体型を「大きい」と言われるのだけはどうにも苦手。
フラグ,69,1023
CSTR,80,美術室
CSTR,81,衣装制作の部屋
CSTR,82,美術準備室
CSTR,83,なつみの部屋
CSTR,84,夜の忍び込み
CSTR,85,窓越しの語らい
CSTR,86,夏祭り
CSTR,87,遊園地
CSTR,88,手作り弁当
CSTR,89,思い出の道
