番号,34
名前,桐島かいり
呼び名,かいり
基礎,0,1400
基礎,1,700
素質,0
素質,10
素質,16
素質,25
素質,35
素質,100
素質,102
素質,110
素質,151
素質,597
能力,94,2
能力,50,31
能力,54,34
能力,55,66
能力,56,41
能力,97,78
能力,98,45
経験,95,84
フラグ,12,5
フラグ,25,2
CSTR,21,3月24日
CSTR,22,140cm/38kg
CSTR,23,B80/W51/H73
CSTR,24,B型
CSTR,25,合唱部
CSTR,26,
CSTR,27,可愛いもの集め
CSTR,29,名門・桐島家のお嬢様で、語尾に「ですの」がつくのが特徴。合唱部に所属するが、気に入らないことがあるとすぐにすねて脱走し、ほとぼりが冷めると歌好きゆえに戻ってくる。幼馴染みの丸子みさきを「マルちゃん」と呼び、アイドル「メリメロ」の大ファン。
フラグ,69,1023
CSTR,80,音楽準備室の二人
CSTR,81,ぬいぐるみの自室
CSTR,82,お茶会のあとの応接間
CSTR,83,湯あがりの二人
CSTR,84,メリメロに囲まれて
CSTR,85,新しい雑貨屋さん
CSTR,86,メリメロのライブ
CSTR,87,桐島家でお茶会
CSTR,88,街のケーキ屋さん
CSTR,89,お散歩デート
