番号,22
名前,鯱いかり
呼び名,いかり
基礎,0,2500
基礎,1,1000
素質,0
素質,13
素質,25
素質,31
素質,33
素質,36
素質,41
素質,42
素質,60
素質,70
素質,104
素質,108
素質,111
素質,151
素質,110
能力,50,45
能力,54,78
能力,55,41
能力,56,27
能力,97,44
能力,98,32
経験,95,42
フラグ,12,20
フラグ,25,1
フラグ,69,1023
CSTR,21,2月5日
CSTR,22,161cm/51kg
CSTR,23,B86/W57/H85
CSTR,24,O型
CSTR,25,水泳部
CSTR,26,
CSTR,27,泳ぐこと
CSTR,29,水泳部期待の新人。豪快なクロールで誰よりも速く泳ぐことを目標に掲げ、自分より速い棗ひびきを尊敬している。水嶌うしおから良い匂いがするらしく、見かけると思わず噛みついてしまう困った癖の持ち主。猫塚みけをいじったり、あずさに甘えたりとスキンシップ過多。
CSTR,80,夜のプール
CSTR,81,部のシャワー室
CSTR,82,監視バイトの密会
CSTR,83,水泳部の部室
CSTR,84,ベッドでごろごろ
CSTR,85,水族館デート
CSTR,86,ししょ～と小旅行
CSTR,87,購買パン争奪
CSTR,88,手つなぎ散歩
CSTR,89,だらだら休日
