番号,25
名前,八朔つゆり
呼び名,つゆり
基礎,0,800
基礎,1,1100
素質,0
素質,14
素質,26
素質,32
素質,63
素質,104
素質,106
素質,112
素質,117
素質,151
能力,50,55
能力,54,20
能力,55,52
能力,56,61
能力,97,32
能力,98,57
経験,95,74
フラグ,12,-25
フラグ,25,0
相性,28,130
CSTR,21,8月1日
CSTR,22,148cm/38kg
CSTR,23,B79/W54/H80
CSTR,24,O型
CSTR,25,帰宅部
CSTR,26,保健委員会
CSTR,27,ピアノ
CSTR,29,虚弱体質で、体調を崩しやすいため現在は部活には入っていない。貧血でめまいや立ちくらみを起こして急に倒れることも。こよいとは従姉妹で、「こよちゃん」と呼んでいる。
フラグ,69,1023
CSTR,80,保健室のベッド
CSTR,81,音楽室
CSTR,82,屋上
CSTR,83,つゆりの部屋
CSTR,84,空き教室
CSTR,85,ピアノ連弾
CSTR,86,散歩
CSTR,87,屋上で日向ぼっこ
CSTR,88,お菓子作り
CSTR,89,初デート
