番号,70
名前,神無月ほとり
呼び名,ほとり
基礎,0,1200
基礎,1,900
素質,0
素質,14
素質,25
素質,60
素質,70
素質,87
素質,151
素質,109
能力,9,1
能力,50,42
能力,54,27
能力,55,34
能力,56,73
能力,97,36
能力,98,67
経験,95,88
フラグ,12,-20
フラグ,25,3
CSTR,21,11月17日
CSTR,22,158cm/46kg
CSTR,23,B77/W62/H82
CSTR,24,O型
CSTR,25,天文部
CSTR,26,図書委員会
CSTR,27,家でごろごろ
CSTR,29,天文部と図書委員会に所属。動くことも努力することも面倒くさがる大雑把な性格で、いつも図書室でごろごろしている。星を見るのは好きだが、出かける準備が億劫で諦めて帰ってしまうことも。星海こよいを「星ちゃん」と呼び、天文部部長の天宮るりとは幼馴染み。
フラグ,69,1023
CSTR,80,天文部の部室
CSTR,81,屋上で星空の下
CSTR,82,図書室の奥
CSTR,83,猫のいる自室
CSTR,84,夜の天体観測スポット
CSTR,85,だらだらお昼寝デート
CSTR,86,猫サチエと戯れる
CSTR,87,二人で天体観測
CSTR,88,屋上で星空と膝枕
CSTR,89,二人乗りで夜の帰り道
