番号,16
名前,大虎いさみ
呼び名,いさみ
基礎,0,3200
基礎,1,800
素質,0
素質,17
素質,41
素質,61
素質,63
素質,105
素質,111
素質,113
素質,151
素質,220
能力,50,67
能力,54,86
能力,55,33
能力,56,38
能力,97,38
能力,98,30
経験,95,38
フラグ,12,20
フラグ,25,1
CSTR,21,11月3日
CSTR,22,163cm/52kg
CSTR,23,B87/W57/H86
CSTR,24,B型
CSTR,25,柔道部
CSTR,26,
CSTR,27,力比べ
CSTR,29,柔道部所属で、八壁ひかるの熱血指導をのらりくらりとかわしながらマイペースに過ごす実力者。恵まれた体格ゆえ、本当はかわいいものが好きなのに言い出せないのが悩み。共働きの両親に代わって弟と妹の面倒をみる、一人称「あたい」の頼れる姉御肌。
フラグ,69,1023
CSTR,80,柔道部の道場
CSTR,81,道場の用具室
CSTR,82,柔道部室
CSTR,83,体育館裏
CSTR,84,道場のシャワー後
CSTR,85,ゲームセンター
CSTR,86,かわいい雑貨屋
CSTR,87,弟妹とお出かけ
CSTR,88,食べ放題
CSTR,89,力比べ大会
