番号,10
名前,木之下ゆゆ
呼び名,ゆゆ
基礎,0,1300
基礎,1,700
素質,0
素質,13
素質,23
素質,100
素質,102
素質,132
素質,151
素質,222
素質,53
素質,60
素質,125
素質,109
能力,9,1
能力,50,21
能力,54,28
能力,55,78
能力,56,61
能力,97,44
能力,98,41
経験,95,94
フラグ,12,-25
フラグ,25,3
CSTR,21,4月3日
CSTR,22,138cm/34kg
CSTR,23,B67/W55/H71
CSTR,24,A型
CSTR,25,文芸部
CSTR,26,
CSTR,27,ぬいぐるみ集め
CSTR,29,文芸部所属の、ぽわんとした幼げな少女。幼い頃から羊のぬいぐるみ「ダニエル」をいつも抱えている。見た目に反してバイオレンスな映画が好きという意外な一面も。鶴海ひまりを「部長ちゃん」、久坂あやめを「おねーさん」と呼んで慕う、流されやすくも愛らしいマスコット的存在。
フラグ,69,1023
CSTR,80,文芸部室の秘め事
CSTR,81,図書室の本棚の陰
CSTR,82,放課後の屋上
CSTR,83,ゆゆのお部屋
CSTR,84,〆切前の夜の部室
CSTR,85,ぬいぐるみ屋さんデート
CSTR,86,図書室で図鑑めくり
CSTR,87,ダニエルとおとぎ話
CSTR,88,おばあちゃんのお墓参り
CSTR,89,おうちでクリスマス
