番号,63
名前,八雲ちづる
呼び名,ちづる
基礎,0,1500
基礎,1,900
素質,0
素質,28
素質,33
素質,42
素質,63
素質,102
素質,104
素質,151
能力,9,2
能力,50,39
能力,54,42
能力,55,73
能力,56,46
能力,97,48
能力,98,43
経験,95,86
フラグ,12,0
フラグ,25,2
CSTR,21,4月21日
CSTR,22,152cm/46kg
CSTR,23,B83/W56/H82
CSTR,24,B型
CSTR,25,演劇部
CSTR,26,緑化委員会
CSTR,27,映画鑑賞
CSTR,29,演劇部の副部長で緑化委員長。少女趣味でラブロマンス系の演目を好み、主に役者として舞台に立つ。遠見ちかを可愛がっているが、当人にはあまり心地よく思われていない様子。四方みつるには友達以上の気持ちを抱いているらしく、その想いをひそかに温めている。
フラグ,69,1023
CSTR,80,演劇部の舞台裏
CSTR,81,緑化委員の温室
CSTR,82,映画鑑賞室の暗がり
CSTR,83,ラブロマンスの衣装部屋
CSTR,84,屋上の花壇
CSTR,85,映画館デート
CSTR,86,二人で芝居の練習
CSTR,87,緑化の花植えデート
CSTR,88,植物園デート
CSTR,89,おうちで恋愛映画鑑賞
