番号,60
名前,瀬川かえで
呼び名,かえで
基礎,0,1300
基礎,1,1700
素質,0
素質,15
素質,18
素質,20
素質,26
素質,43
素質,71
素質,81
素質,87
素質,101
素質,151
能力,9,3
能力,15,4
能力,50,80
能力,54,51
能力,55,44
能力,56,68
能力,97,56
能力,98,71
経験,95,106
フラグ,12,30
フラグ,25,0
相性,55,130
CSTR,21,11月22日
CSTR,22,156cm/48kg
CSTR,23,B79/W59/H81
CSTR,24,AB型
CSTR,25,帰宅部
CSTR,26,風紀委員会
CSTR,27,違反者いじり
CSTR,29,普段は規律に厳しい品行方正な優等生として振る舞っているが、サディスティックな部分も持っている。あすかをいじめて遊ぶのが最近の楽しみ。さくらの友達として、れいかの取り巻きをしている。
フラグ,69,1023
CSTR,80,風紀委員会の指導室
CSTR,81,放課後の生徒指導室
CSTR,82,茶道部の部室
CSTR,83,取り締まり中の屋上
CSTR,84,両親不在の実家の自室
CSTR,85,実家でママの手料理
CSTR,86,風紀の見回りデート
CSTR,87,茶道部でお茶
CSTR,88,れいか様お茶会のお供
CSTR,89,花を愛でる散歩デート
