番号,2
名前,北川ゆき
呼び名,ゆき
基礎,0,1100
基礎,1,800
素質,0
素質,10
素質,14
素質,26
素質,32
素質,35
素質,82
素質,102
素質,104
素質,151
能力,15,1
能力,50,30
能力,54,15
能力,55,31
能力,56,76
能力,97,53
能力,98,63
経験,95,146
フラグ,12,-20
フラグ,25,3
フラグ,69,1023
CSTR,21,10月7日
CSTR,22,154cm/47kg
CSTR,23,B80/W60/H88
CSTR,24,AB型
CSTR,25,パソコン部
CSTR,26,
CSTR,27,ネットサーフィン
CSTR,29,ネットゲームにはまっている他、プログラミングも得意で技術開発にも熱心。まいを「ねえさん」と呼び親しんでいる。転校生を慕っており、まいに後押しされながら前に進もうとしている。
CSTR,80,モニタの灯り
CSTR,81,ゴスロリの夜
CSTR,82,猫耳メイド
CSTR,83,ゲーセンの密室
CSTR,84,夜更かしのあと
CSTR,85,二人で協力プレイ
CSTR,86,ファッションショー
CSTR,87,きみへのプログラム
CSTR,88,勇気の初デート
CSTR,89,恋愛映画鑑賞
