cno,名前,身長(cm),体重(kg),スリーサイズ(B/W/H)
1,三善かなえ,154,49,75/61/80
2,北川ゆき,154,47,80/60/88
3,小野ちよ,145,44,80/57/76
4,早川きこ,146,42,74/55/75
5,桃智あすか,158,48,80/59/81
6,藍乃あいか,148,39,72/54/76
7,高原ちあき,158,48,79/56/82
8,丸子みさき,152,46,73/59/77
9,月永るか,149,39,73/59/76
10,木之下ゆゆ,138,34,67/55/71
11,氷野くるみ,153,45,72/59/78
12,神樹いちか,151,39,77/56/78
13,羽森つばさ,155,43,81/57/80
14,花音ことり,156,43,78/57/79
15,長町やえ,135,36,65/53/69
16,大虎いさみ,163,52,87/57/86
17,小鳩あずさ,151,40,83/55/81
18,熊沢ひめの,152,43,73/58/78
19,猫塚みけ,155,43,74/60/79
20,藤猪しずく,150,42,77/60/83
21,雉子すみれ,158,44,77/58/80
22,鯱いかり,161,51,86/57/85
23,鶯木こはる,153,45,83/55/82
24,三波なつみ,163,48,89/60/88
25,八朔つゆり,148,38,79/54/80
26,堀田さあや,156,46,80/56/82
27,夏野ゆり,157,47,80/60/82
28,星海こよい,142,35,74/54/75
29,春風なな,154,47,86/56/83
30,長居ゆう,160,52,88/59/86
31,夢路まりあ,153,47,86/59/87
32,安条まい,158,49,80/57/82
33,柊るな,146,37,70/56/73
34,桐島かいり,140,38,80/51/73
35,梅園かな,159,48,81/60/82
36,遠見ちか,154,48,79/58/80
37,龍泉寺レンレン,155,40,76/60/79
38,クー・カロア,156,44,77/58/78
39,冴木もも,141,35,73/54/74
40,夜霧はやて,162,51,83/61/83
41,悠木ともこ,163,51,88/58/86
42,榊むつみ,158,48,82/59/83
43,砂賀みどり,159,46,87/58/85
44,笹芽ひよの,153,45,74/59/79
45,円城寺れいか,163,47,90/60/89
46,双葉みづき,136,33,66/54/70
47,双葉みなづき,136,33,66/54/70
48,四方みつる,164,50,82/63/83
49,小松ぼたん,158,49,89/61/81
50,山條ぎん,167,53,87/62/84
51,御影かすみ,162,49,87/54/88
52,湖南やこ,157,49,81/59/82
53,花丘まり,165,52,84/62/85
54,久坂あやめ,159,48,85/59/82
55,伊藤さくら,156,49,81/60/81
56,八壁ひかる,148,43,71/57/75
57,岩戸サン,160,49,86/63/86
58,天宮るり,155,44,84/58/81
59,水嶌うしお,156,43,82/59/80
60,瀬川かえで,156,48,79/59/81
61,鶴海ひまり,148,36,75/55/76
62,黒森すず,160,49,83/62/85
63,八雲ちづる,152,46,83/56/82
64,峰山しおん,153,47,84/56/82
65,時国そら,160,46,83/62/84
66,曽根セイラ,152,45,83/56/80
67,日滝ましろ,162,55,90/58/86
68,深鳥ふみ,154,41,78/58/80
69,神樹はじめ,157,41,79/60/80
70,神無月ほとり,158,46,77/62/82
71,棗ひびき,168,53,85/63/87
72,あんず,158,52,80/58/82
